"5000 Empire Mall","4001 W 41st St",,"Sioux Falls","SD",57106,"605-361-5091",43.514831,-96.774520
"5th Third Bank","222 S Riverside",,"Chicago","IL",60606,"312-207-0853",41.879029,-87.638532
"8000 Tower","8000 Normandale Center Dr",,"Bloomington","MN",55437,"952-486-9500",44.854023,-93.352196
"Apache Mall","308 Apache Mall",,"Rochester","MN",55902,"507-288-5117",44.006221,-92.479611
"Bayshore Mall","5600 N Bayshore Dr",,"Glendale","WI",53217,"414-962-6198",43.122318,-87.913734
"Best Buy Headquarters ","7601 Penn Ave S",,"Richfield","MN",55423,"612-292-5282",44.864019,-93.308542
"Bethesda Pl","7629 Old Georgetown Rd",,"Bethesda","MD",20814,"301-654-6616",38.986047,-77.096340
"Big Lake Town Square","726 Martin Ave",,"Big Lake","MN",55309,"763-262-1660",45.334444,-93.735493
"Burnsville Center","14204 Burnhaven Dr",,"Burnsville","MN",55306,"952-435-6005",44.746205,-93.293847
"Byerly's","13081 Ridgedale Dr.",,"Minnetonka","MN",55305,"952-545-6945",44.969291,-93.444953
"Byerly's","1601 W County Rd C",,"Roseville","MN",55113,"651-633-6960",45.021015,-93.168856
"Byerly's","1959 Suburban Ave",,"St. Paul","MN",55119,"651-714-0720",44.949643,-93.017901
"Byerly's","3777 Park Center Blvd.",,"St. Louis Park","MN",55416,"952-925-0660",44.935700,-93.348044
"Byerly's","12880 Elm Creek Blvd",,"Maple Grove","MN",55369,"763-494-3450",45.095313,-93.443966
"Byerly's","1299 Promenade Pl",,"Eagan","MN",55121,"651-687-0137",44.834916,-93.159211
"Byerly's","2510 W Division St",,"St. Cloud","MN",56301,"320-253-3065",45.553127,-94.188025
"Byerly's","7171 France Ave. S.",,"Edina","MN",55435,"952-831-0288",44.873249,-93.328810
"Byerly's","800 W 78th St",,"Chanhassen","MN",55317,"952-401-4466",44.862344,-93.540275
"Byerly's","401 County Rd 42",,"Burnsville","MN",55337,"952-435-6223",44.731774,-93.237603
"Byerly's","5725 Duluth St",,"Golden Valley","MN",55422,"763-544-0312",44.999141,-93.352870
"Caribou Corporate HQ","3900 Lakebreeze Ave N",,"Brooklyn Center","MN",55429,"763-592-2302",45.042778,-93.330673
"Carmel Village","7510 Pineville Matthews Rd",,"Charlotte","NC",28226,"704-752-7880",35.087802,-80.845489
"Clintonville Commons","3645 N High St",,"Columbus","OH",43214,"614-262-8770",40.036257,-83.017107
"Coborn's","19425 Evans St NW",,"Elk River","MN",55330,"763-441-7607",45.324414,-93.560905
"Crossroads Mall","4101 W Division St",,"St. Cloud","MN",55301,"320-656-0074",45.553401,-94.208673
"Crystal City","2100 Crystal Dr",,"Arlington","VA",22202,"703-414-0990",38.854328,-77.049446
"DeKalb County Shopping Center Outlet","2385 Sycamore Rd",,"DeKalb","IL",60115,"815-758-2880",41.951194,-88.726721
"Detroit Metropolitan Airport","McNamara Terminal A - Gate A74",,"Detroit","MI",48242,"734-941-4807",42.215931,-83.369576
"Detroit Metropolitan Airport","Domestic Baggage Claim",,"Detroit","MI",48242," ",42.206905,-83.360657
"Detroit Metropolitan Airport","McNamara Terminal A - Gate 60A",,"Detroit","MI",48242," ",42.219364,-83.351730
"Dulles Towne Center","21100 Dulles Town Circle",,"Sterling","VA",20166,"703-430-7444",39.032767,-77.420329
"Eden Prairie Center","8251 Flying Cloud Dr",,"Eden Prairie","MN",55344,"952-944-6944",44.856232,-93.427288
"Eden Prairie Transit Station","13250 Technology Dr",,"Eden Prairie","MN",55344,"952-906-1129",44.858606,-93.442964
"Fair Oaks Mall","11750 Fair Oaks",,"Fairfax","VA",22033,"703-277-3383",38.863901,-77.355172
"Fairfax Corner","11947 Grand Commons Ave",,"Fairfax","VA",22030,"703-815-2001",38.857857,-77.357681
"Far Hills Square","5839 Far Hills Ave",,"Dayton","OH",45429,"937-432-9326",39.661562,-84.158887
"Garrison Forest Shopping Center","10351 Reisterstown Rd",,"Owings Mills","MD",21117,"410-998-9290",39.417807,-76.777705
"Gaviidae Common","555 Nicollet Mall",,"Minneapolis","MN",55402,"612-349-9360",44.978266,-93.271042
"Gaviidae Common","651 Nicollet Mall",,"Minneapolis","MN",55402,"612-338-3814",44.977354,-93.271804
"General Mills (not open to the public)","One General Mills Blvd",,"Golden Valley","MN",55426,"763-293-1111 ",44.972257,-93.391028
"Hartsfield-Jackson Atlanta International Airport","Concourse E - Centerpoint",,"Atlanta","GA",30320,"404-209-0065",33.640652,-84.445213
"Hennepin Plaza","2300 Hennepin Ave.",,"Minneapolis","MN",55405,"612-374-2884",44.959634,-93.293685
"Hibbing Marketplace","4100 9th Ave Nwest",,"Hibbing","MN",55746,"218-262-0804",47.399045,-92.952078
"Hornbacher's","4151 45th St S",,"Fargo","ND",58104,"701-281-1872",46.831315,-96.862037
"Hornbacher's","1532 32nd Ave S",,"Fargo","ND",58103,"701-293-2636",46.832621,-96.802762
"Hornbacher's","4101 13th Ave S",,"Fargo","ND",58103,"701-282-9431",46.861829,-96.849491
"Hubert H. Humphrey Terminal","7150 Humphrey Dr",,"Minneapolis","MN",55450,"612-726-6289",44.875092,-93.225825
"Hudson Marketplace","105 Carmichael Rd",,"Hudson","WI",54016,"715-377-7981",44.965832,-92.721227
"Hunt Valley Towne Center","110 Shawan Rd",,"Hunt Valley","MD",21030,"410-229-0112",39.495833,-76.650795
"Kahler Inn","9 Third Ave NW",,"Rochester","MN",55901,"507-280-4375",44.023576,-92.467425
"Kings Park Shopping Center","8938 Burke Lake Rd",,"Springfield","VA",22151,"703-426-4660",38.808909,-77.253442
"Knollwood Mall","8208 Hwy 7",,"St. Louis Park","MN",55426,"952-933-4592",44.936040,-93.383128
"Lunds Market","11400 Hwy 7",,"Minnetonka","MN",55343,"952-933-9876",44.905322,-93.791471
"Lunds Market","1151 E Wayzata Blvd",,"Wayzata","MN",55391,"952-404-0143",44.971142,-93.499491
"Lunds Market","25 University Ave Seast",,"Minneapolis","MN",55414,"612-331-3617",44.987354,-93.255653
"Lunds Market","3333 Shoreline Dr",,"Orono","MN",55392,"952-471-0602",44.934664,-93.609002
"Lunds Market","1450 W Lake St",,"Minneapolis","MN",55408,"612-825-6720",44.948361,-93.299760
"Lunds Market","3455 Vicksburg Ln",,"Plymouth","MN",55447,"763-383-8770",45.020070,-93.481835
"Lunds Market","3945 W 50th St",,"Edina","MN",55435,"952-920-1693",44.912517,-93.330175
"Lunds Market","5159 W 98th St",,"Bloomington","MN",55437,"952-837-0832",44.825300,-93.346921
"Lunds Market","6228 Penn Aveune S",,"Richfield","MN",55423,"612-243-1581",44.889778,-93.308670
"Main St Commons ","3689 E Main St",,"St. Charles","IL",60174,"630-513-9447",41.921282,-88.272783
"Mall of America","194 N Garden",,"Bloomington","MN",55425,"952-854-2501",44.856036,-93.241131
"Mall of America","232 N Garden",,"Bloomington","MN",55425,"952-858-8360",44.856038,-93.241417
"Mall of America","380 S Ave",,"Bloomington","MN",55425,"952-854-7828",44.859953,-93.252925
"Mall of America","Park at MOA",,"Bloomington","MN",55425,,44.854546,-93.241951
"Mankato Mall","1850 Adams St",,"Mankato","MN",56001,"507-345-1103",44.170476,-93.952442
"Mapleridge Mall","2515 White Bear Ave",,"Maplewood","MN",55109,"651-748-9085",45.017095,-93.019814
"Maplewood Mall","3001 White Bear Ave",,"Maplewood","MN",55109,"651-770-9454",45.031616,-93.018133
"Marketplace of Vernon Hills","375 N Milwaukee",,"Vernon Hills","IL",60061,"847-821-9107",42.235826,-87.943743
"Mequon Pavilion Shopping Center","11104 N Port Washington Rd",,"Mequon","WI",53092,"262-240-0268",43.219296,-87.923976
"Miller Hill Mall","1600 Miller Trunk Hwy",,"Duluth","MN",55811,"218-727-9154",46.850638,-92.274487
"Montgomery Mall","7101 Democracy Blvd",,"Bethesda","MD",20817,"301-365-2259",39.022421,-77.148452
"Montgomery Mall","7107 Democracy Blvd",,"Bethesda","MD",20817,"301-365-2321",39.022429,-77.148493
"Nall Valley Shoppes","5336 W 151st St",,"Leawood","KS",66224,"913-814-9411",38.854675,-94.647361
"Ngate Plaza","13874 Georgia Ave",,"Aspen Hill","MD",20906,"301-460-1123",39.082415,-77.077180
"Nwest Shopping Center","581 E Dundee Rd",,"Palatine","IL",60074,"847-705-7180",42.139100,-88.028518
"Olde Raleigh","3101 Charles B. Root Wynd",,"Raleigh","NC",27612,"919-787-9611",35.824891,-78.708474
"Park Village","5400 Excelsior Blvd",,"St. Louis Park","MN",55416,"952-922-6242",44.930615,-93.349120
"Potomac Station","647 Potomac Station Dr",,"Leesburg","VA",20176,"703-669-2291",39.097803,-77.523902
"Rand Tower","527 Marquette Ave",,"Minneapolis","MN",55402,"612-341-9936",44.977959,-93.269448
"Richmond International Airport","A Concourse",,"Richmond ","VA",23250," ",37.500851,-77.508756
"Richmond International Airport","Atrium",,"Richmond","VA",23250," ",37.507378,-77.332420
"Ridgedale Mall","12401 Wayzata Blvd.",,"Minnetonka","MN",55343,"952-544-0939",44.970440,-93.434842
"Rock Creek Village","5562 Norbeck Rd",,"Rockville","MD",20853,"301-460-0047",39.095502,-77.111552
"Shoppes at Wside Plaza ","400 W 5th St",,"Northfield","MN",55057,"507-645-7650",44.455083,-93.164420
"Short Pump Town Center","11800 W Broad St",,"Richmond ","VA",23233,"804-360-2445",37.653503,-77.621208
"S Riding Market Square","25050 Riding Plaza",,"Chantilly","VA",20152,"703-327-7718",38.924286,-77.521123
"Sport Shopping Center","3835 W Old Shakopee Rd",,"Bloomington","MN",55431,"952-881-4230",44.810729,-93.328589
"SSide Works","2729 E Carson St",,"Pittsburgh","PA",15203,"412-488-8490",40.426848,-79.966736
"Sparrow Plaza","2010 W 183rd St",,"Homewood","IL",60430,"708-647-8938",41.557189,-87.665744
"Subway Level - Rochester Marriott","101 First Ave Swest",,"Rochester","MN",55902,"507-288-6230",44.022520,-92.464524
"Super Target","18444 Kenrick Ave",,"Lakeville","MN",55044,"952-898-1550",44.682498,-93.289704
"The Cloisters","999 Waukegan Rd",,"Glenview","IL",60025,"847-729-7590",42.072695,-87.798763
"The Greene","45 Plum St",,"Beavercreek","OH",45440,"937-429-4031",39.694046,-84.102829
"The Marketplace at College Park","17378 Haggerty Rd",,"Livonia","MI",48152,"734-462-7582",42.414088,-83.432574
"The Quarry","1730 New Brighton Blvd",,"Minneapolis","MN",55413,"612-788-1796",45.005088,-93.227269
"The Shoppes at Central Park","1257 Carl D. Silver Pkwy",,"Fredericksburg","VA",22401,"540-548-2122",38.298699,-77.511910
"Town Square Shopping Center","55 W Schaumburg Rd",,"Schaumburg","IL",60194,"847-524-1920",42.027263,-88.081405
"Triangle Town Center","5959 Triangle Town Blvd",,"Raleigh","NC",27616,"919-792-2595",35.864900,-78.571487
"Tuileries Plaza","6370 N Lucerne",,"Kansas City","MO",64151,"816-587-8648",39.234034,-94.653823
"Tylersville Crossing","7755 Cox Ln",,"West Chester","OH",45069,"513-759-4536",39.353717,-84.366312
"US Bank","225 S Sixth St",,"Minneapolis","MN",55402,"612-333-5003",44.976579,-93.268353
"US Bank Plaza","200 S 6th St",,"Minneapolis","MN",55402,"612-338-1170",44.976714,-93.268675
"Vass Shopping Center","5899 Nwest Hwy",,"Crystal Lake","IL",60014,"815-788-2748",42.226218,-88.313325
"Village at Waugh Chapel","2638 Chapel Lake Dr",,"Gambrills","MD",21054,"410-451-2845",39.035431,-76.682117
"Washington Dulles International Airport","Main Terminal",,"Dulles","VA",20166," ",38.950600,-77.446144
"W Bay Plaza","29990 Detroit Rd",,"Westlake","OH",44145,"440-835-8739",41.463498,-81.952845
"W Publishing (not open to the public)","610 Opperman Dr",,"Eagan","MN",55123,"651-687-8529",44.828080,-93.115488
"Wmarket Square","47490 Grand River Ave",,"Novi","MI",48374,"248-305-9072",42.490238,-83.517838
"Windpoint Shopping Center","201 N Randall Rd",,"Batavia","IL",60510,"630-406-5960",41.854241,-88.340464
"Winslow Bay Commons ","690 Bluefield Rd",,"Mooresville","NC",28117,"704-658-1060",35.595582,-80.868594
"Yorkdale Shoppes","6805 York Ave S",,"Edina","MN",55435,"952-929-4734",44.892143,-93.320086
"5201 Leesburg Pike","Three Skyline Pl","#102","Falls Church","VA",22041,"703-820-8533",38.844006,-77.118950
"Riverbrook Shopping Center","1523 N Aurora Rd","#107","Naperville","IL",60563,"630-961-1018",41.779638,-88.187004
"Oakdale Village","8360 - 3rd St N","#A102","Oakdale","MN",55128,"651-714-9092",44.952855,-92.970541
"Silver Lake Village","2700 39th Ave NE","#A120","St. Anthony","MN",55421,"612-788-0170",45.039313,-93.218359
"The Galleria","1920 Sardis Rd N","Suite A","Charlotte","NC",28270,"704-847-6048",35.141356,-80.734199
"W Ridge Plaza","11210 Wayzata Blvd","Suite E","Minnetonka","MN",55305,"952-545-2140",44.973213,-93.421191
,"1380 Duckwood Dr","#101","Eagan","MN",55123,"651-994-8950",44.827320,-93.165911
,"3900 Market Pl Dr NW","#101","Rochester","MN",55901,"507-252-0066",44.064083,-92.502197
,"3044 Excelsior Blvd","#103","Minneapolis","MN",55416,"612-285-9650",44.947378,-93.320698
,"2350 43rd St NW","#105","Owatonna","MN",55060,"507-451-9589",44.137027,-93.253882
,"6300 Robert Kingery Hwy","#126-128","Willowbrook","IL",60514,"630-734-0493",41.795879,-87.946684
,"2879 95th St","#147","Naperville","IL",60564,"630-904-5967",41.709875,-88.196302
,"4345 Pheasant Ridge Dr","#210","Blaine","MN",55449,"763-784-0677",45.162432,-93.168679
,"8048 Old Carriage Court","#220","Shakopee","MN",55379,"952-402-0223",44.776569,-93.416045
,"733 Marquette Ave S","#223","Minneapolis","MN",55402,"612-332-4849",44.976304,-93.270843
,"1072 Spring Hill Mall","#3509","West Dundee","IL",60118,"847-783-4776",42.098398,-88.289397
,"3630 Peachtree","#501","Suwanee","GA",30024,"770-622-0842",34.070950,-84.167060
,"285 N Randall Rd","#A2","Lake in the Hills","IL",60102,"847-854-2849",42.184302,-88.335456
,"50 Public Square","945 Terminal Tower Suite K1","Cleveland","OH",44113,"216-696-8160",41.499568,-81.694754
,"MSP Airport","E Concourse","Minneapolis","MN",55111,"612-726-1165",44.882572,-93.215477
,"MSP Airport","F Concourse","Minneapolis","MN",55111,"612-727-1750",44.886707,-93.211441
,"MSP Airport","G Concourse","Minneapolis","MN",55111,"612-727-1653",44.879593,-93.209297
,"MSP Airport","Northstar Concourse","Minneapolis","MN",55111,"612-726-9305",44.883911,-93.203804
,"42385 Ryan Rd","Space #110","Ashburn","VA",20148,"703-327-1443",38.986604,-77.538001
,"811 W Maxwell","Space 11A","Chicago","IL",60608,"312-738-3570",41.864766,-87.647229
,"7804 Fairview Rd","Space B","Charlotte","NC",28226,"704-367-0050",35.147484,-80.809778
,"5043 Tuttle Crossing Blvd","Space K112","Dublin","OH",43016,"614-760-3729",40.076539,-83.129314
,"307 N Nokomis Square","Suite #113","Alexandria","MN",56308,"320-763-8090",45.893436,-95.366587
,"2864 Hwy 55","Suite 100","Eagan","MN",55121,"651-686-5677",44.854616,-93.134604
,"12655 University Ave","Suite 100","Clive","IA",50325,"515-457-3078",41.600477,-93.792883
,"1100 E County Rd 42","Suite 101","Burnsville","MN",55337,"952-953-6459",44.738220,-93.259514
,"730 Apollo Dr","Suite 106","Lino Lakes","MN",55014,"651-784-2214",45.183360,-93.112574
,"1250 Scenic Hwy 124","Suite 1400","Lawrenceville","GA",30045,"770-985-0047",33.950445,-83.982561
,"1625 13th Ave E","Suite 200","West Fargo","ND",58078,"701-277-0783",46.861882,-96.871297
,"1202 County Rd PH","Suite 200","Onalaska","WI",54650,"608-779-4172",43.869643,-91.207730
,"123 Perimeter Center W","Suite 200","Atlanta","GA",30346,"770-391-9910",33.926455,-84.338513
,"444 Cedar St","Suite 212","St. Paul","MN",55101,"651-222-3130",44.948750,-93.095593
,"20530 N Rand Rd","Suite 438","Deer Park","IL",60010,"847-438-8396",42.161539,-88.051495
,"7845 Colony Rd","Suite 6","Charlotte","NC",28226,"704-541-4724",35.105817,-80.807980
,"3500 Vicksburg Ln","Suite 700","Plymouth","MN",55447,"763-557-5715",45.020597,-93.481635
,"5135 Peachtree Pkwy","Suite 930","Atlanta","GA",30092,"770-797-9126",34.022941,-84.137895
,"6975 W Central Ave","Suite A","Toledo","OH",43617,"419-720-8112",41.674089,-83.710332
,"4747 Tylersville Rd","Suite A","West Chester","OH",45069,"COMING SOON",39.361600,-84.450401
,"2130 Ayrsley Town Blvd","Suite A","Charlotte","NC",28273,"980-297-7501",35.138425,-80.933612
,"10400 Baltimore St","Suite B-124","Blaine","MN",55449,"763-792-4994",45.159917,-93.232683
,"303 Peachtree St NE","Suite BL-7","Atlanta","GA",30308,"404-681-0208",33.763131,-84.386842
,"2445 75th St","Suite E","Darien","IL",60561,"630-427-1693",41.751185,-88.005621
,"6315 Sashabaw Rd","Suite I","Clarkston","MI",48346,"248-625-5066",42.730548,-83.379581
,"418 N Mayfair Rd","Unit 1","Wauwatosa","WI",53226,"414-777-0280",43.035798,-88.046831
,"645 Aurora Rd","Unit 2-1","Macedonia","OH",44056,"330-467-2835",41.313897,-81.516525
,"1400 County Rd 101","Unit A","Plymouth","MN",55447,"763-473-1339",44.993945,-93.501947
,"1924 S Minnesota Ave",,"Sioux Falls","SD",57105,"605-338-9666",43.528223,-96.731295
,"1080 Hwy 96",,"White Bear Lake","MN",55127,"651-429-6315",45.079186,-93.056849
,"3100 White Bear Ave N",,"Maplewood","MN",55109,"651-779-7345",45.034355,-93.017612
,"3220 Ingersoll Ave",,"Des Moines","IA",50312,"515-274-1644",41.586305,-93.661046
,"3354 Rice St",,"Little Canada","MN",55126,"651-481-7137",45.042977,-93.106264
,"726 Main St",,"Red Wing","MN",55066,"651-388-1910",44.564331,-92.538330
,"2111 Snelling Ave N",,"Roseville","MN",55113,"651-636-5655",45.004507,-93.166559
,"14121 Q St",,"Omaha","NE",68137,"402-896-4339",41.205318,-96.133880
,"1450 - 25th St SW",,"Fargo","ND",58103,"701-298-7745",46.858726,-96.819550
,"15805 W Maple Rd",,"Omaha","NE",68116,"402-496-6367",41.292033,-96.160619
,"17650 Wright St",,"Omaha","NE",68130,"402-334-4748",41.232974,-96.197426
,"100 6th St",,"Monticello","MN",55362,"763-295-9773",45.301656,-93.797160
,"109 Maynard Rd",,"Cary","NC",27511,"919-319-6265",35.771127,-78.781512
,"11008 61st St Neast",,"Albertville","MN",55301,"763-428-1030",45.238640,-93.663265
,"1140 Elden St",,"Herndon","VA",20190,"703-668-9506",38.964320,-77.398105
,"11468 Jefferson Court",,"Champlin","MN",55316,"763-323-7408",45.160629,-93.393760
,"11611 Leona Rd",,"Eden Prairie","MN",55344,"952-941-9696",44.859843,-93.423445
,"121 Lauren Ln",,"Woodstock","GA",30189,"770-926-6379",34.042903,-84.674551
,"1275 Johnson Ferry Rd",,"Marietta","GA",30068,"770-971-5010",33.979989,-84.423251
,"1361 Heather St",,"Shakopee","MN",55379,"952-445-1004",44.782074,-93.507239
,"13635 Ndale Blvd",,"Rogers","MN",55374,"763-428-8107",45.201934,-93.553869
,"1370 Hamilton Rd",,"Gahanna","OH",43230,"614-478-7258",40.013543,-82.866967
,"14050 St Francis Blvd",,"Ramsey","MN",55303,"763-427-8381",45.225480,-93.397417
,"1595 Second Ave Neast",,"Cambridge","MN",55008,"763-689-2896",45.571131,-93.204766
,"1679 NW 86th St",,"Clive","IA",50325,"515-225-4173",41.606736,-93.736225
,"17999 Bagley Rd",,"Middleburg Heights","OH",44130,"440-239-0124",41.371943,-81.828290
,"1823 Market Blvd",,"Hastings","MN",55033,"651-480-3708",44.737261,-92.892612
,"1890A Meadow Ln",,"Waukesha","WI",53151,"262-513-1365",43.015358,-88.077339
,"19260 Freeport St NW A-109B",,"Elk River","MN",55330,"763-441-1169",45.319751,-93.563207
,"1966 Bunker Lake Blvd NW",,"Andover","MN",55304,"763-754-2121",45.219413,-93.315180
,"2001 Cliff Rd E",,"Burnsville","MN",55337,"952-895-1976",44.790327,-93.241915
,"2011 Mount Zion Rd",,"Morrow","GA",30260,"770-478-0544",33.563331,-84.324736
,"2020 S Pokegama Ave",,"Grand Rapids","MN",55744,"218-326-0542",47.211030,-93.528828
,"2073 W Wayzata Blvd",,"Long Lake","MN",55356,"952-473-1302",44.988343,-93.577137
,"2168 Randall Rd",,"Carpentersville","IL",60110,"847-836-9450",42.119094,-88.335122
,"2220 Union Lake Rd",,"Commerce","MI",48382,"248-363-7589",42.604272,-83.446494
,"2319 1st St S",,"Willmar","MN",56201,"320-235-8159",45.099352,-95.042589
,"2321 Hwy 25 N Cedar Falls Rd",,"Menomonie","WI",54751,"715-235-3627",44.912457,-91.934448
,"2340 W 7th St",,"St. Paul","MN",55116,"651-698-0437",44.904044,-93.165558
,"23420 Lorain Rd",,"North Olmsted","OH",44070,"440-777-1810",41.434070,-81.880834
,"2445 2nd St",,"Coralville","IA",52241,"319-354-2297",41.684890,-91.601917
,"2585 County Rd 10",,"Mounds View","MN",55112,"763-786-1529",45.093517,-93.209757
,"2799 Hamilton Blvd",,"Sioux City","IA",51104,"712-252-5422",42.540554,-96.407888
,"2870 N Druid Hills Rd NE",,"Atlanta","GA",30329,"404-636-0961",33.817632,-84.311993
,"3261 Peachtree Rd NE",,"Atlanta","GA",30305,"404-261-0020",33.844053,-84.370726
,"3507 Round Lake Blvd",,"Anoka","MN",55303,"763-421-4811",45.217553,-93.357511
,"3832 E Grand River Ave",,"Howell","MI",48843,"517-545-3150",42.588101,-83.877736
,"4520 Roswell Rd",,"Atlanta","GA",30342,"404-303-8244",33.878411,-84.379769
,"514 Randall Rd",,"South Elgin","IL",60177,"847-741-7012",41.977222,-88.340566
,"5663 Manitou Rd",,"Tonka Bay","MN",55331,"952-401-1067",44.901532,-93.589232
,"6035 Durand Ave",,"Racine","WI",53406,"262-554-7677",42.697344,-87.852599
,"6139 Kruse Dr",,"Solon","OH",44139,"440-248-4140",41.392182,-81.441282
,"7038 Walton St",,"Rockford","IL",61108,"815-397-9568",42.267125,-88.979297
,"719 Hebron Rd",,"Heath","OH",43056,"740-788-8060",40.018051,-82.450528
,"761 E 81st Pl",,"Merrillville","IN",46410,"219-736-4973",41.470708,-87.329838
,"7950 Penn Ave S",,"Bloomington","MN",55431,"952-888-1504",44.859678,-93.308823
,"8097 Hwy 65",,"Spring Lake Park","MN",55432,"763-784-8542",45.114954,-93.241570
,"8719 Owenfield Dr",,"Powell","OH",43065,"740-548-7832",40.164489,-83.021172
,"8749 Sancus Blvd",,"Columbus","OH",43240,"614-846-2029",40.141896,-82.990428
,"8881 Jefferson Hwy",,"Osseo","MN",55369,"763-493-0055",45.114708,-93.402211
,"9008 Cahill Ave",,"Inver Grove Heights","MN",55077,"651-455-9786",44.812625,-93.039666
,"9638 Colorado Ln N",,"Brooklyn Park","MN",55445,"763-488-1506",45.096330,-93.360196
,"Paul Bunyon Dr & Hwy 197",,"Bemidji","MN",56601,"218-751-9342",47.495575,-94.911293
,"12624 Washington Ln",,"Englewood","CO",80112,"303-799-1258",39.537991,-104.843766
,"2400 S Washington St",,"Grand Forks","ND",58201,"701-775-3668",47.896671,-97.045577
,"2721 W 120th Ave",,"Westminster","CO",80031,"303-410-1305",39.914096,-105.029133
,"8722 Shawnee Mission Pkwy",,"Merriam","KS",66202,"913-789-9266",39.014985,-94.687408
,"1004 Gateway Dr",,"Chaska","MN",55318,"952-361-0035",44.804981,-93.577293
,"1147 N Eola Rd",,"Aurora","IL",60504,"630-499-0480",41.733617,-88.253530
,"2716 N Sutton Rd",,"Hoffman Estates","IL",60192,"847-645-0877",42.027192,-88.202911
,"3432 County Rd 101",,"Minnetonka","MN",55343,"952-476-5891",44.993933,-93.501947
,"4345 Nathan Ln N",,"Plymouth","MN",55442,"763-551-4762",45.033859,-93.408632
,"5545 Mills Civic Pkwy",,"West Des Moines","IA",50266,"515-225-1219",41.559252,-93.781730
,"7988 Sunwood Dr NW",,"Ramsey","MN",55303,"763-427-7420",45.234661,-93.434150
,"1406 E Franklin St",,"Chapel Hill","NC",27514,"919-968-3735",35.928069,-79.034771
,"4135 W Division St",,"St. Cloud","MN",56301,"320-252-2805",45.553412,-94.209253
,"1027 Freeport Rd",,"Pittsburgh","PA",15238,"412-781-1483",40.500904,-79.852188
,"122 Hawthorn Center",,"Vernon Hills","IL",60061,"847-362-2548",42.241196,-87.946617
,"12455 W Capitol Dr",,"Brookfield","WI",53005,"262-373-1657",43.088858,-88.067559
,"1635 Algonquin Rd",,"Rolling Meadows","IL",60006,"847-734-1007",42.055137,-87.999021
,"18157 Carson Court",,"Elk River","MN",55330,"763-241-0269",45.304884,-93.556291
,"231 Peachtree St",,"Atlanta","GA",30303,"404-688-3355",33.760324,-84.387532
,"4115 S 28th St",,"Arlington","VA",22206,"703-578-0052",38.840940,-77.090631
,"4717 Hwy 101",,"Minnetonka","MN",55345,"952-939-8108",44.918545,-93.503057
,"5001 Monroe St",,"Toledo","OH",43623,"419-472-8701",41.697620,-83.640448
,"855 S Randall Rd",,"Elgin","IL",60123,"847-841-7190",42.013399,-88.336235
,"90 E Nwest Hwy",,"Mt. Prospect","IL",60056,"847-259-2080",42.062999,-87.935294
,"917 Washington Ave SE",,"Minneapolis","MN",55414,"612-331-4121",44.973610,-93.225361
,"9425 Lorton Market St",,"Lorton","VA",22079,"703-372-1510",38.700008,-77.222191
,"1110 S 71st St",,"Omaha","NE",68124,"402-391-4400",41.257858,-96.022804
,"1 N Charles St",,"Baltimore","MD",21201,"410-545-0604",39.289553,-76.615145
,"10 S. LaSalle",,"Chicago","IL",60603,"312-609-5108",41.889183,-87.632519
,"100 E Station St",,"Barrington","IL",60010,"847-381-2418",42.153304,-88.135973
,"100 N Tryon St",,"Charlotte","NC",28202,"704-372-5507",35.227208,-80.843072
,"100 S 5th St",,"Minneapolis","MN",55402,"612-332-0702",44.978210,-93.269217
,"1000 Piedmont Ave NE",,"Atlanta","GA",30309,"404-870-0711",33.781800,-84.380458
,"1010 Mansell Rd Suite 100",,"Roswell","GA",30076,"678-461-7649",34.042639,-84.329498
,"10160 6th Ave N",,"Plymouth","MN",55411,"763-544-0862",44.996956,-93.536906
,"1055 Grand Ave",,"St. Paul","MN",55105,"651-221-0140",44.939979,-93.144698
,"10997 Red Circle Dr",,"Minnetonka","MN",55343,"952-912-9750",44.894289,-93.420028
,"110 W Franklin St",,"Chapel Hill","NC",27514,"919-933-5404",35.913334,-79.055307
,"1101 17th St NW",,"Washington","DC",20036,"202-223-6828",38.903737,-77.038512
,"11057 W Lincoln Hwy",,"Frankfort","IL",60423,"815-806-9443",41.503060,-87.887086
,"1116 Nicollet Mall",,"Minneapolis","MN",55402,"612-338-0767",44.972847,-93.275682
,"112 S Woodward",,"Birmingham","MI",48009,"248-642-5560",42.546573,-83.214157
,"11257 Reed Hartman Hwy",,"Cincinnati","OH",45242,"513-469-1542",39.271154,-84.375810
,"1127 Larpenteur Ave W",,"Roseville","MN",55113,"651-487-5502",44.992045,-93.147693
,"113 Village Center Dr",,"North Oaks","MN",55127,"651-482-1623",45.081358,-93.117981
,"1148 Second St",,"Rochester","MN",55902,"507-281-1052",44.021629,-92.480068
,"115 E Broadway",,"Monona","WI",53716,"608-223-0194",43.047799,-89.324559
,"1156 15th St",,"Washington","DC",20005,"202-223-2331",38.904828,-77.034603
,"11627 Fountains Dr N",,"Maple Grove","MN",55369,"763-425-1327",45.091873,-93.426277
,"1183 N Roselle Rd",,"Hoffman Estates","IL",60195,"847-755-1074",42.048979,-88.079532
,"1211 S Robert St",,"West St. Paul","MN",55118,"651-450-5511",44.909788,-93.080605
,"1220 Caroline St",,"Atlanta","GA",30307,"404-589-3446",33.758481,-84.347992
,"12417 Ulysses St",,"Blaine","MN",55434,"763-755-5234",45.195624,-93.236455
,"12601 Nicollet Ave",,"Burnsville","MN",55337,"952-895-1010",44.773567,-93.277629
,"12713 Braemar Village Plaza",,"Bristow","VA",20136,"703-331-0489",38.751204,-77.570962
,"12850 Bass Lake Rd",,"Maple Grove","MN",55369,"763-553-1293",45.065302,-93.443360
,"1316 E W Hwy",,"Silver Spring","MD",20910,"301-565-3181",38.991374,-77.030230
,"1333 N Coolidge Hwy",,"Troy","MI",48084,"248-643-4483",42.544003,-83.186241
,"136 N Oak Park Ave",,"Oak Park","IL",60301,"708-445-1196",41.888511,-87.794367
,"1400 14th St Nwest",,"Washington","DC",20005,"202-232-4552",38.908871,-77.031961
,"1413 N Rochester Rd",,"Rochester Hills","MI",48037,"248-650-4715",42.664517,-83.133123
,"1413 W 14 Mile Rd",,"Madison Heights","MI",48071,"248-585-9163",42.533840,-83.124427
,"1416 Walton",,"Rochester Hills","MI",48309,"248-652-7103",42.681529,-83.157522
,"1423 E Stadium Blvd",,"Ann Arbor","MI",48104,"734-222-0205",42.260699,-83.732154
,"1425 Grandview Ave",,"Columbus","OH",43212,"614-481-0860",39.986864,-83.044626
,"143 Yorktown",,"Lombard","IL",60148,"630-424-8754",41.841690,-88.010684
,"14444 Excelsior Blvd",,"Minnetonka","MN",55345,"952-935-5613",44.905751,-93.463211
,"1500 4th St Seast",,"Minneapolis","MN",55414,"612-378-7524",44.979942,-93.234385
,"1510-14 Golden Gate Plaza",,"Mayfield","OH",44124,"440-646-9202",41.518731,-81.450597
,"15111 Detroit Ave",,"Lakewood","OH",44107,"216-228-1869",41.485015,-81.801964
,"15175 Edgewood Dr",,"Baxter","MN",56425,"218-833-8099",46.371075,-94.244822
,"1531 E Blvd",,"Charlotte","NC",28203,"704-334-3570",35.200233,-80.842314
,"1551 Piedmont Ave",,"Atlanta","GA",30324,"404-733-5539",33.796808,-84.369254
,"160 Pioneer Trail",,"Chaska","MN",55318,"952-368-0009",44.828570,-93.600770
,"1601 Hwy 7",,"Hopkins","MN",55305,"952-931-3128",44.933052,-93.420219
,"1610 N High St",,"Columbus","OH",43201,"614-299-0830",39.995151,-83.007082
,"16205-G S Harlem Ave",,"Tinley Park","IL",60477,"708-444-0478",41.622114,-87.794866
,"16492 W 78th St",,"Eden Prairie","MN",55344,"952-934-9720",44.858747,-93.412216
,"1650 Park Pl Blvd",,"St. Louis Park","MN",55416,"952-593-9694",44.966503,-93.349438
,"1700 K St Nwest",,"Washington","DC",20006,"202-293-2465",38.902502,-77.039461
,"1701 Pennsylvania Ave",,"Washington","DC",20006,"202-466-2905",38.898799,-77.039473
,"17043 Kercheval Ave",,"Grosse Pointe","MI",48230,"313-417-9247",42.390064,-82.916388
,"17335 W Bluemound Rd",,"Brookfield","WI",53045,"262-786-5917",43.036172,-88.129539
,"17450 Kenwood Trail",,"Lakeville","MN",55044,"952-892-1855",44.696158,-93.286395
,"17605 Glasgow Ave",,"Lakeville","MN",55044,"952-431-3727",44.693897,-93.213295
,"1800 M St",,"Washington","DC",20036,"202-419-0466",38.905600,-77.041707
,"1808 S Plymouth Rd",,"Minnetonka","MN",55305,"952-797-0677",44.994122,-93.412237
,"18101 Village Mart Dr",,"Olney","MD",20832,"301-570-0909",39.151736,-77.063579
,"1817 Randolph Ave",,"St. Paul","MN",55105,"651-698-4702",44.927011,-93.177167
,"1830 Market Dr",,"Stillwater","MN",55082,"651-430-2405",45.038286,-92.840936
,"1854 Coventry",,"Cleveland Heights","OH",44118,"216-321-5017",41.508928,-81.579976
,"1901 Madison Ave",,"Mankato","MN",56001,"507-625-6101",44.166792,-93.948891
,"1909 Matthews Township Pkwy",,"Matthews","NC",28105,"704-814-0538",35.124295,-80.708132
,"19115 Detroit Rd",,"Rocky River","OH",44116,"440-895-9064",41.482531,-81.833164
,"19419 Mack Ave",,"Grosse Pointe Woods","MI",48236,"313-640-8284",42.422513,-82.910206
,"20 N Michigan Ave",,"Chicago","IL",60602,"312-456-0751",41.882307,-87.624470
,"200 N LaSalle St",,"Chicago","IL",60601,"312-223-1606",41.889183,-87.632519
,"200 S College St",,"Charlotte","NC",28202,"704-371-4129",35.225460,-80.843108
,"2014 Powers Ferry Rd",,"Atlanta","GA",30339,"770-226-8323",33.903476,-84.459805
,"2022 Ndale Blvd",,"Coon Rapids","MN",55433,"763-862-7668",45.181614,-93.318968
,"20619-A8 Torrence Chapel Rd",,"Charlotte","NC",28036,"704-895-0116",35.484837,-80.877548
,"2101 Richmond Rd",,"Beachwood","OH",44122,"216-591-1938",41.501239,-81.497788
,"21016 Center Ridge Rd",,"Rocky River","OH",44116,"440-333-8670",41.461682,-81.852885
,"2134 Ford Pkwy",,"St. Paul","MN",55116,"651-690-9934",44.917865,-93.189594
,"2141 Commerce Blvd",,"Mound","MN",55364,"952-472-9345",44.939679,-93.666158
,"2149 Cliff Rd",,"Eagan","MN",55122,"651-686-8595",44.790261,-93.216669
,"222 S 9th St",,"Minneapolis","MN",55402,"612-338-0424",44.973661,-93.270790
,"22217 Michigan Ave",,"Dearborn","MI",48124,"313-724-8815",42.305217,-83.248371
,"23520 Hwy 7 ",,"Shorewood","MN",55331,"952-470-0404",44.892585,-93.577829
,"2377 Shadywood Rd",,"Orono","MN",55391,"952-471-1058",44.935428,-93.608616
,"2421 18th St Nwest",,"Washington","DC",20009,"202-588-9061",38.921620,-77.042293
,"2423 Division St W",,"St. Cloud","MN",56301,"320-202-1889",45.553243,-94.186837
,"2453 N Clark",,"Chicago","IL",60614,"773-327-9923",41.926862,-87.641240
,"2468 Nwest Blvd.",,"Upper Arlington","OH",43221,"614-481-3238",40.006905,-83.058201
,"266 S Weber Rd",,"Bolingbrook","IL",60490,"630-378-5782",41.690898,-88.125650
,"2681 County Rd E",,"White Bear Lake","MN",55110,"651-429-6273",45.050252,-92.988734
,"2706 W Mallard Creek Church Rd",,"Charlotte","NC",28262,"704-717-9515",35.340425,-80.765953
,"2714 Lincoln Dr",,"Roseville","MN",55113,"651-636-0976",45.021523,-93.168825
,"275 N York Rd",,"Elmhurst","IL",60126,"630-833-3552",41.905846,-87.939900
,"280 Danada Square W",,"Wheaton","IL",60187,"630-871-9713",41.829214,-88.107884
,"30 N LaGrange Rd",,"LaGrange","IL",60525,"708-482-3157",41.817123,-87.869781
,"3025 Clark St",,"Chicago","IL",60657,"773-529-6366",41.936770,-87.648083
,"30472 Milford Rd",,"New Hudson","MI",48165,"248-446-5874",42.516020,-83.616058
,"307 Canal Park",,"Duluth","MN",55802,"218-786-0985",46.784025,-92.094666
,"3080 Tremont Rd",,"Upper Arlington","OH",43221,"614-451-0740",40.019160,-83.062771
,"3109 Nline Ave",,"Greensboro","NC",27408,"336-292-3202",36.087264,-79.829727
,"311 W Monroe St",,"Chicago","IL",60694,"312-920-9746",41.880626,-87.635610
,"3113 Crooks Rd",,"Troy","MI",48084,"248-643-0064",42.563185,-83.167317
,"31901 Woodward Ave",,"Royal Oak","MI",48073,"248-549-4591",42.524378,-83.192693
,"3224 Walton",,"Rochester Hills","MI",48309,"248-375-2360",42.680599,-83.197251
,"3240 N Ashland Ave",,"Chicago","IL",60606,"773-281-3362",41.940785,-87.668749
,"3300 N Broadway",,"Chicago","IL",60657,"773-477-3695",41.941891,-87.644428
,"34 Park Ln",,"Hudson","OH",44236,"330-653-8311",41.180375,-81.403829
,"3487 Nside Pkwy",,"Atlanta","GA",30327,"404-846-9777",33.850355,-84.430317
,"3495 Rochester Rd",,"Troy","MI",48083,"248-740-9387",42.570011,-83.127987
,"3500 N Halsted",,"Chicago","IL",60657,"773-248-0799",41.946021,-87.649420
,"351 Willow Bend",,"Crystal","MN",55428,"763-537-4844",45.053795,-93.366855
,"3536 Main St",,"Coon Rapids","MN",55448,"763-323-8232",45.197703,-93.378518
,"35972 Detroit Rd",,"Avon","OH",44011,"440-937-9960",41.457324,-82.026538
,"3619 Forbes Ave",,"Pittsburgh","PA",15213,"412-687-2617",40.440670,-79.958252
,"3627 W Maple Rd",,"Bloomfield Township","MI",48301,"248-594-0952",42.541462,-83.451100
,"3673 Lexington Ave N",,"Arden Hills","MN",55126,"651-490-0227",45.051055,-93.147129
,"3868 150th St W",,"Rosemount","MN",55608,"651-322-8344",44.731594,-93.143832
,"390 W Front St",,"Wheaton","IL",60187,"630-221-0263",41.864794,-88.111341
,"401 Robert St",,"St. Paul","MN",55101,"651-292-8686",44.948218,-93.091652
,"401 S Main",,"Royal Oak","MI",48067,"248-543-8400",42.487258,-83.144186
,"40200 W 14 Mile Rd",,"Commerce Township","MI",48390,"248-624-7272",42.526989,-83.442665
,"4085 W Maple Rd",,"Bloomfield Township","MI",48301,"248-723-0941",42.576184,-83.437102
,"41 E 8th St",,"Chicago","IL",60605,"312-786-9205",41.871832,-87.625904
,"41 S High St Suite 2495",,"Columbus","OH",43215,"614-228-4082",39.963028,-83.000826
,"4100 Brownsville Rd",,"Pittsburgh","PA",15227,"412-881-2880",40.367103,-79.980194
,"4130 Berkshire Ln",,"Plymouth","MN",55446,"763-383-1497",45.030630,-93.456399
,"4210 Winnetka Ave",,"New Hope","MN",55428,"763-592-5073",45.033013,-93.380277
,"4214 Cary Pkwy",,"Cary","NC",27513,"919-462-0690",35.784630,-78.836089
,"423 N Harlem Ave",,"Oak Park","IL",60302,"708-358-1212",41.887762,-87.804872
,"4230 Belden Village Mall",,"Canton","OH",44718,"330-494-6008",40.856124,-81.426357
,"425 - 8th Ave Neast",,"Brainerd","MN",56401,"218-833-8001",46.363346,-94.177291
,"4301 Orchard Lake Rd",,"West Bloomfield","MI",48323,"248-865-0458",42.575106,-83.362170
,"4327 Park Rd",,"Charlotte","NC",28209,"704-523-6822",35.173404,-80.851209
,"439-A Boardman-Poland Rd",,"Youngstown","OH",44512,"330-758-2179",41.024301,-80.648998
,"4408 France Ave S",,"Edina","MN",55424,"952-926-7086",44.926948,-93.329057
,"44601 Five Mile Rd",,"Plymouth","MI",48170,"734-459-4473",42.395561,-83.487439
,"4606 Nicollet Ave S",,"Minneapolis","MN",55409,"612-825-6361",44.930494,-93.277911
,"4733 Hwy 61",,"White Bear Lake","MN",55110,"651-426-5694",45.084094,-93.010965
,"495 W Roosevelt Rd",,"Glen Ellyn","IL",60137,"630-858-3564",41.859662,-88.033773
,"4999 France Ave S",,"Edina","MN",55410,"612-285-5475",44.912541,-93.329025
,"50 S. 6th St",,"Minneapolis","MN",55402,"612-339-2871",44.978144,-93.272113
,"500 Spark Center",,"Strongsville","OH",44136,"440-572-1456",41.312004,-81.824297
,"500 W Madison",,"Chicago","IL",60606,"312-463-1130",41.881876,-87.639713
,"501 Washington Ave",,"Minneapolis","MN",55415,"612-332-8255",44.974933,-93.252216
,"507 S Third St",,"Geneva","IL",60134,"630-208-4932",41.882707,-88.309092
,"5100 Main St",,"Downers Grove","IL",60515,"630-963-4122",41.795032,-88.010384
,"5131 Edina Industrial Blvd",,"Edina","MN",55437,"952-831-9230",44.863996,-93.354223
,"5195 Sdale Center",,"Edina","MN",55435,"952-926-1183",44.877758,-93.332201
,"5309 Lyndale Ave S",,"Minneapolis","MN",55419,"612-823-3524",44.906375,-93.288186
,"5401 Caddis Bend",,"Fitchburg","WI",53711,"608-274-3912",43.019297,-89.419448
,"55 W Monroe",,"Chicago","IL",60603,"312-214-0852",36.128801,-89.754549
,"5551 Lake St",,"St. Louis Park","MN",55416,"952-929-9536",44.948310,-93.350361
,"56 E 6th St",,"St. Paul","MN",55101,"651-225-0844",44.947347,-93.093416
,"5711 Xerxes Ave N",,"Brooklyn Center","MN",55430,"763-560-3277",45.058224,-93.321051
,"5743 Blaine Ave",,"Inver Grove Heights","MN",55076,"651-554-9357",44.866423,-93.055310
,"5816 Lincoln Dr",,"Edina","MN",55436,"952-935-5346",44.898554,-93.399087
,"600 N Kingsbury St",,"Chicago","IL",60610,"312-335-0576",41.892585,-87.640685
,"601 13th St",,"Washington","DC",20005,"202-737-2522",38.897336,-77.029714
,"609 E Lake St",,"Wayzata","MN",55391,"952-476-1070",44.969595,-93.513476
,"6308-E York Rd",,"Baltimore","MD",21212,"410-323-5129",39.281494,-76.616849
,"6504 Steubenville Pike",,"Robinson Court","PA",15205,"412-788-4626",40.449106,-80.123981
,"6600 Lyndale Ave S",,"Richfield","MN",55423,"612-866-2803",44.883311,-93.286643
,"6641 Grant Ave Suite B",,"Gurnee","IL",60031,"847-856-8530",42.375127,-88.003207
,"6745 Avery-Muirfield Dr",,"Dublin","OH",43017,"614-734-0246",40.106396,-83.160300
,"68 Snelling Ave S",,"St. Paul","MN",55105,"651-690-0083",44.939502,-93.167040
,"7101 France Ave",,"Edina","MN",55435,"952-915-1108",44.874432,-93.328829
,"7145 E Point Douglas Rd",,"Cottage Grove","MN",55016,"651-768-0794",44.832622,-92.958537
,"720 Main St",,"Mendota Heights","MN",55118,"651-994-7052",44.885067,-93.122261
,"725 N Milwaukee",,"Libertyville","IL",60048,"847-573-8271",42.290239,-87.954871
,"7310 Orchard Lake Rd",,"West Bloomfield","MI",48322,"248-538-9130",42.530857,-83.360467
,"7500 Beechmont Ave",,"Cincinnati","OH",45230,"513-231-2092",39.072811,-84.349600
,"757 Grand Ave",,"St. Paul","MN",55105,"651-221-0479",44.939919,-93.132044
,"7635 Jolly Ln",,"Brooklyn Park","MN",55428,"763-315-4047",45.093259,-93.381887
,"7745 Egan Dr",,"Savage","MN",55378,"952-226-1191",44.746238,-93.377459
,"800 Nicollet Mall",,"Minneapolis","MN",55405,"612-333-5214",44.975897,-93.273001
,"8073 Wedgewood Ln N",,"Maple Grove","MN",55369,"763-494-4422",45.101502,-93.449898
,"817 Elm St",,"Winnetka","IL",60093,"847-441-7485",42.105842,-87.734753
,"8201 Brier Creek Pkwy",,"Raleigh","NC",27617,"919-405-2802",35.909935,-78.784350
,"8320 City Center Dr",,"Woodbury","MN",55125,"651-739-7313",44.920673,-92.936874
,"8450 26 Mile Rd",,"Shelby Township","MI",48316,"586-992-1779",42.713662,-83.033484
,"8559 Edinburgh Centre Dr N",,"Brooklyn Park","MN",55443,"763-315-1943",45.110394,-93.302971
,"8601 Springbrook Dr NE",,"Blaine","MN",55433,"763-717-3539",45.126670,-93.267064
,"883 Main St",,"Lake Geneva","WI",53147,"262-249-0954",42.591776,-88.436732
,"920 W 78th St",,"Chanhassen","MN",55317,"952-380-4953",44.862869,-93.544849
,"924 W 75th St",,"Naperville","IL",60565,"630-428-3881",41.747572,-88.164668
,"9420 36th Ave N",,"New Hope","MN",55427,"763-546-1818",45.021996,-93.398472
,"9955-9965 Hudson Pl",,"Woodbury","MN",55125,"651-731-5183",44.944959,-92.904325
,"E324 Woodfield Shopping Center",,"Schaumburg","IL",60173,"847-517-8579",42.043724,-88.037003
,"One N Hawkins",,"Akron","OH",44313,"330-869-5571",41.109589,-81.569195
,"Rosedale Center",,"Roseville","MN",55113,"651-633-7322",45.000308,-93.193439
,"1400 E Hampden Ave",,"Cherry Hills","CO",80113,"303-806-0900",39.653082,-104.943058
,"1795 Champa St",,"Denver","CO",80202,"303-295-0140",39.748348,-104.991586
,"5198 S Broadway",,"Englewood","CO",80113,"303-761-9078",39.621962,-104.987995
,"13700 E Colfax",,"Aurora","CO",80011,"720-859-3012",39.740125,-104.828309
,"23963 E Prospect Ave",,"Aurora","CO",80016,"303-693-5282",39.600388,-104.709856
,"14638 Cedar Ave",,"Apple Valley","MN",55124,"952-431-4315",44.737801,-93.217561
,"4911 Hwy 29 Suite 101",,"Alexandria","MN",56308,"320-762-8589",45.845710,-95.387890
,"627 W Central Entrance",,"Duluth","MN",55811,"218-720-4675",46.800896,-92.144243
